<application>
  <component name="RainbowSettings">
    <option name="disableRainbowIndentsInZenMode" value="false" />
    <option name="doNOTRainbowifyBigFiles" value="false" />
    <option name="enableRainbowVariables" value="true" />
    <option name="enableRainbowVariablesBySemanticHighlighting" value="true" />
    <option name="indentGuidesOptions" value="Only selected indent guide" />
    <option name="suppressAdvancedIndentGuidesBanner" value="true" />
    <option name="version" value="2023.3.4" />
  </component>
</application>